{
  "project_info": {
    "project_number": "220808512800",
    "firebase_url": "https://praticaiii.firebaseio.com",
    "project_id": "praticaiii",
    "storage_bucket": "praticaiii.appspot.com"
  },
  "client": [
    {
      "client_info": {
        "mobilesdk_app_id": "1:220808512800:android:4d6e31f0f8033075bb4345",
        "android_client_info": {
          "package_name": "br.ufc.crateus.praticaiii"
        }
      },
      "oauth_client": [
        {
          "client_id": "220808512800-16vo5vt7fblkmfqvfv46ooqqtii1d0hu.apps.googleusercontent.com",
          "client_type": 1,
          "android_info": {
            "package_name": "br.ufc.crateus.praticaiii",
            "certificate_hash": "56187054ed1a9241bd719f89c80f0a0b4d4f6e93"
          }
        },
        {
          "client_id": "220808512800-mgn4nnvgquvj6afb8h1itu3m13k6rseo.apps.googleusercontent.com",
          "client_type": 3
        }
      ],
      "api_key": [
        {
          "current_key": "AIzaSyBR4mUpKZSiGGvPfJrp5_B2OpSXYWW-Ikc"
        }
      ],
      "services": {
        "appinvite_service": {
          "other_platform_oauth_client": [
            {
              "client_id": "220808512800-mgn4nnvgquvj6afb8h1itu3m13k6rseo.apps.googleusercontent.com",
              "client_type": 3
            }
          ]
        }
      }
    }
  ],
  "configuration_version": "1"
}